City,Lat,Lng,Max Temp,Humidity,Cloudiness,Wind Speed,Country,Date
fare,-16.7,-151.02,77.76,81,80,20.24,PF,1595199822
wainwright,52.84,-110.86,67.46,75,97,9.4,CA,1595199626
mahebourg,-20.41,57.7,68.0,77,75,14.99,MU,1595199376
kongoussi,13.33,-1.53,87.4,51,24,6.62,BF,1595199823
rawson,-43.3,-65.1,45.36,82,100,11.56,AR,1595199380
haines junction,60.75,-137.51,66.34,44,100,10.67,CA,1595199409
saint-philippe,-21.36,55.77,64.4,72,40,4.7,RE,1595199389
klaksvik,62.23,-6.59,50.0,87,100,9.17,FO,1595199379
shevchenkove,49.7,37.17,66.2,72,2,4.47,UA,1595199823
longyearbyen,78.22,15.64,44.6,87,75,11.41,SJ,1595199382
esfahan,32.66,51.68,82.4,18,40,4.7,IR,1595199823
new norfolk,-42.78,147.06,45.0,81,78,3.0,AU,1595199374
anadyr,64.75,177.48,55.4,58,20,8.95,RU,1595199397
kapaa,22.08,-159.32,84.2,74,90,14.99,US,1595199372
port elizabeth,-33.92,25.57,53.6,100,0,3.36,ZA,1595199393
tombouctou,20.0,-3.0,96.51,23,72,12.1,ML,1595199823
cape town,-33.93,18.42,60.01,93,40,9.17,ZA,1595199262
butaritari,3.07,172.79,83.44,77,75,15.3,KI,1595199381
ilhabela,-23.78,-45.36,67.24,81,3,2.44,BR,1595199824
punta arenas,-53.15,-70.92,35.6,69,75,6.93,CL,1595199374
rikitea,-23.12,-134.97,68.68,65,49,12.3,PF,1595199356
bredasdorp,-34.53,20.04,55.4,93,4,0.69,ZA,1595199375
mataura,-46.19,168.86,39.0,83,90,3.0,NZ,1595199375
lubin,51.4,16.2,68.0,88,93,1.12,PL,1595199824
vila velha,-20.33,-40.29,69.8,94,75,5.82,BR,1595199403
cidreira,-30.18,-50.21,66.33,78,57,9.89,BR,1595199380
hilo,19.73,-155.09,84.2,62,20,11.41,US,1595199379
yibin,28.77,104.62,75.02,82,100,1.52,CN,1595199824
qaanaaq,77.48,-69.36,47.37,69,99,1.43,GL,1595199381
sao joao da barra,-21.64,-41.05,70.56,87,0,11.1,BR,1595199387
severo-kurilsk,50.68,156.12,51.96,87,100,11.56,RU,1595199375
bandarbeyla,9.49,50.81,79.79,62,71,23.29,SO,1595199411
bengkulu,-3.8,102.27,75.4,91,46,5.06,ID,1595199302
barrow,71.29,-156.79,37.4,74,40,12.75,US,1595199376
bambous virieux,-20.34,57.76,68.0,77,75,14.99,MU,1595199304
albany,42.6,-73.97,93.0,53,50,4.36,US,1595199375
aklavik,68.22,-135.01,50.0,66,75,2.24,CA,1595199378
saint-francois,46.42,3.91,63.0,77,0,3.36,FR,1595199751
ushuaia,-54.8,-68.3,28.4,86,0,8.05,AR,1595199319
marang,5.21,103.21,78.8,94,20,2.24,MY,1595199824
port alfred,-33.59,26.89,60.24,71,0,6.98,ZA,1595199244
bilibino,68.05,166.44,67.64,38,0,1.19,RU,1595199375
upernavik,72.79,-56.15,49.46,54,64,7.4,GL,1595199386
ovalle,-30.6,-71.2,59.68,74,88,2.42,CL,1595199605
ostrovnoy,68.05,39.51,61.88,72,0,14.52,RU,1595199371
hithadhoo,-0.6,73.08,83.52,77,100,16.37,MV,1595199371
codrington,-38.27,141.97,51.35,76,72,15.41,AU,1595199393
cumana,10.46,-64.18,87.8,66,43,16.11,VE,1595199825
taltal,-25.4,-70.48,56.95,77,58,2.57,CL,1595199404
hofn,64.25,-15.21,55.0,60,51,7.34,IS,1595199390
paratinga,-12.69,-43.18,73.4,53,63,3.36,BR,1595199793
provideniya,64.38,-173.3,55.4,66,75,8.95,RU,1595199393
harnai,30.1,67.94,88.47,41,0,3.11,PK,1595199599
tiksi,71.69,128.87,61.77,59,16,9.26,RU,1595199384
kaeo,-35.1,173.78,59.0,3,71,8.05,NZ,1595199394
mitsamiouli,-11.38,43.28,76.89,66,52,10.16,KM,1595199825
arraial do cabo,-22.97,-42.03,71.19,84,0,23.0,BR,1595199383
busselton,-33.65,115.33,46.99,77,43,7.2,AU,1595199128
dunmore town,25.5,-76.65,83.21,80,34,15.77,BS,1595199825
vestmanna,62.16,-7.17,50.0,87,97,9.17,FO,1595199826
moron,-34.65,-58.62,68.0,82,80,2.24,AR,1595199826
bethel,41.37,-73.41,88.0,55,1,12.75,US,1595199380
nueva gerona,21.88,-82.8,86.38,59,98,4.41,CU,1595199826
chokurdakh,70.63,147.92,72.93,44,67,17.31,RU,1595199374
alice,27.75,-98.07,96.8,41,20,12.75,US,1595199611
saskylakh,71.92,114.08,56.97,67,38,10.25,RU,1595199382
bukama,-9.2,25.85,60.35,47,0,2.66,CD,1595199826
fortuna,40.6,-124.16,64.4,72,20,13.87,US,1595199397
kavieng,-2.57,150.8,83.23,74,29,9.69,PG,1595199376
avarua,-21.21,-159.78,71.6,88,77,19.46,CK,1595199375
norman wells,65.28,-126.83,64.4,63,75,5.82,CA,1595199401
hobart,-42.88,147.33,48.2,57,75,14.99,AU,1595199349
muros,42.78,-9.06,66.99,82,2,5.99,ES,1595199395
salalah,17.02,54.09,80.6,88,75,4.7,OM,1595199380
puerto ayora,-0.74,-90.35,71.01,89,96,4.0,EC,1595199377
sovetskiy,61.36,63.58,55.18,82,6,9.73,RU,1595199826
yellowknife,62.46,-114.35,71.6,56,75,10.29,CA,1595199375
nikolskoye,59.7,30.79,62.6,77,5,4.47,RU,1595199400
kruisfontein,-34.0,24.73,52.77,40,0,4.85,ZA,1595199374
price,39.6,-110.81,93.2,9,1,5.82,US,1595199633
ribeira grande,38.52,-28.7,69.28,76,72,4.65,PT,1595199389
la montanita,1.48,-75.44,75.11,92,34,2.77,CO,1595199827
bluff,-46.6,168.33,39.0,83,81,3.0,NZ,1595199374
castro,-24.79,-50.01,58.01,90,21,3.53,BR,1595199230
aykhal,66.0,111.5,53.6,100,90,8.95,RU,1595199406
buri,-23.8,-48.59,61.9,76,0,3.2,BR,1595199675
broome,42.25,-75.83,73.99,88,75,10.29,US,1595199390
portland,45.52,-122.68,91.0,40,20,10.29,US,1595199112
faya,18.39,42.45,75.2,31,40,28.86,SA,1595199372
jamestown,42.1,-79.24,75.0,94,20,10.29,US,1595199362
georgetown,5.41,100.34,78.8,100,40,4.7,MY,1595199382
vaini,-21.2,-175.2,66.2,100,90,4.7,TO,1595199375
kununurra,-15.77,128.73,57.2,25,0,5.55,AU,1595199829
bokoro,12.38,17.06,77.32,72,100,15.7,TD,1595199829
paysandu,-32.32,-58.08,69.01,81,87,9.66,UY,1595199829
along,28.17,94.77,73.98,90,100,3.02,IN,1595199392
saint-michel-des-saints,46.68,-73.92,78.01,8,83,1.01,CA,1595199829
lorengau,-2.02,147.27,83.82,70,76,9.48,PG,1595199389
viedma,-40.81,-63.0,48.99,93,92,4.0,AR,1595199829
alpena,45.06,-83.43,82.4,51,1,10.29,US,1595199730
booue,-0.09,11.94,72.5,90,96,4.0,GA,1595199829
slave lake,55.28,-114.77,64.4,77,75,12.75,CA,1595199631
arica,-18.48,-70.3,60.8,77,34,9.17,CL,1595199829
sao jose da coroa grande,-8.9,-35.15,75.2,85,51,13.0,BR,1595199397
vila,42.03,-8.16,68.0,82,0,3.22,PT,1595199829
manta,-0.95,-80.73,77.0,73,20,12.75,EC,1595199125
hasaki,35.73,140.83,75.99,94,75,8.05,JP,1595199383
narsaq,60.92,-46.05,60.8,38,21,6.93,GL,1595199398
carnarvon,-24.87,113.63,48.2,87,0,8.05,AU,1595199392
hermanus,-34.42,19.23,53.01,96,3,4.0,ZA,1595199374
kahului,20.89,-156.47,87.8,55,20,27.51,US,1595199319
chanhassen,44.86,-93.53,82.4,39,1,13.87,US,1595199830
thompson,55.74,-97.86,75.2,41,75,9.17,CA,1595199376
magadan,59.57,150.8,60.66,62,16,3.87,RU,1595199738
atuona,-9.8,-139.03,79.57,74,15,14.83,PF,1595199383
kuytun,54.34,101.5,48.11,78,14,2.64,RU,1595199830
east london,-33.02,27.91,59.92,65,0,7.52,ZA,1595199381
aleksandrov gay,50.15,48.57,68.77,56,0,5.44,RU,1595199830
sasayama,35.07,135.22,78.8,83,96,1.12,JP,1595199830
fort nelson,58.81,-122.7,73.4,43,75,11.41,CA,1595199830
yumen,40.28,97.2,75.63,19,90,6.44,CN,1595199403
cahokia,38.57,-90.19,93.99,70,1,4.7,US,1595199830
port-de-bouc,43.4,4.98,69.8,88,0,4.7,FR,1595199830
souillac,-20.52,57.52,68.0,77,75,14.99,MU,1595199399
shekhupura,31.71,73.98,80.6,83,75,19.46,PK,1595199830
ulladulla,-35.35,150.47,50.0,53,0,11.41,AU,1595199221
tyrma,50.08,132.17,75.99,73,100,9.31,RU,1595199831
lagoa,39.05,-27.98,69.19,79,29,5.14,PT,1595199389
kodiak,57.79,-152.41,57.2,87,90,10.29,US,1595199384
padang,-0.95,100.35,73.4,94,40,2.24,ID,1595199748
birjand,32.87,59.22,68.0,18,0,9.17,IR,1595199126
niksic,42.77,18.94,69.8,87,0,3.71,ME,1595199831
praia da vitoria,38.73,-27.07,69.8,77,75,6.85,PT,1595199831
marienburg,54.04,19.03,66.0,77,0,3.36,PL,1595199411
pierre,44.37,-100.35,80.6,39,1,9.17,US,1595199576
arrecife,28.96,-13.55,77.0,65,0,29.97,ES,1595199831
sola,-13.88,167.55,78.8,83,90,6.93,VU,1595199413
dikson,73.51,80.55,40.93,96,100,12.08,RU,1595199377
saint george,37.1,-113.58,107.01,7,1,12.75,US,1595199083
betul,21.92,77.9,75.88,88,98,7.72,IN,1595199831
quesnel,53.0,-122.5,69.8,56,90,4.7,CA,1595199647
tasiilaq,65.61,-37.64,50.0,76,0,9.17,GL,1595199391
ilulissat,69.22,-51.1,53.6,46,91,2.24,GL,1595199370
khatanga,71.97,102.5,51.8,78,98,2.62,RU,1595199378
trelew,-43.25,-65.31,44.6,83,100,10.83,AR,1595199831
umm lajj,25.02,37.27,87.53,42,39,8.81,SA,1595199381
yinchuan,38.47,106.27,74.61,29,77,6.71,CN,1595199640
alausi,-2.2,-78.83,48.15,90,82,3.69,EC,1595199832
beloha,-25.17,45.05,60.84,81,0,10.09,MG,1595199832
grand-santi,4.25,-54.38,74.55,93,65,3.49,GF,1595199832
leningradskiy,69.38,178.42,41.05,71,52,7.54,RU,1595199832
goianesia,-15.32,-49.12,69.12,43,6,6.31,BR,1595199832
charters towers,-20.1,146.27,62.96,78,86,4.99,AU,1595199832
floriano,-6.77,-43.02,81.25,45,37,9.26,BR,1595199832
aksarka,66.56,67.8,46.0,84,33,8.21,RU,1595199832
kyra,49.58,111.98,49.82,66,0,12.86,RU,1595199832
esperance,-33.87,121.9,46.4,87,90,5.82,AU,1595199379
craig,40.52,-107.55,84.2,17,1,21.92,US,1595199827
marsaxlokk,35.84,14.54,75.99,83,20,4.7,MT,1595199832
teacapan,22.55,-105.75,87.93,62,1,10.89,MX,1595199832
dehra dun,30.32,78.03,75.72,81,1,3.87,IN,1595199600
bombay,19.01,72.85,82.4,94,75,4.7,IN,1595199748
nemuro,43.32,145.57,60.84,92,46,3.09,JP,1595199405
farafangana,-22.82,47.83,66.54,66,96,3.91,MG,1595199832
riihimaki,60.74,24.78,64.99,94,100,3.36,FI,1595199833
bonfim,3.08,-59.95,78.78,80,90,4.74,BR,1595199833
uusikaupunki,60.8,21.41,62.6,93,97,3.36,FI,1595199833
borogontsy,62.67,131.17,75.81,70,70,6.64,RU,1595199833
tuktoyaktuk,69.45,-133.04,46.4,75,75,5.82,CA,1595199378
trat,12.5,102.5,76.91,88,100,1.9,TH,1595199389
ust-tsilma,65.44,52.15,50.4,90,0,2.15,RU,1595199571
victoria,22.29,114.16,84.0,79,100,9.48,HK,1595199307
eyl,7.98,49.82,79.18,64,92,24.67,SO,1595199377
port loko,8.77,-12.78,73.49,97,100,3.2,SL,1595199833
mount gambier,-37.83,140.77,44.6,93,40,6.93,AU,1595199401
menongue,-14.66,17.69,45.64,61,0,3.91,AO,1595199389
fairbanks,64.84,-147.72,71.01,60,90,3.36,US,1595199272
yarada,17.65,83.27,82.4,88,40,4.7,IN,1595199833
colares,38.8,-9.45,66.99,86,13,8.68,PT,1595199833
ambilobe,-13.2,49.05,66.2,70,17,5.64,MG,1595199404
ossora,59.24,163.07,52.84,88,96,15.23,RU,1595199405
pangoa,-12.12,-73.0,73.63,74,100,1.74,PE,1595199834
vavuniya,8.75,80.5,77.04,87,98,3.58,LK,1595199834
lebu,-37.62,-73.65,51.49,90,1,12.59,CL,1595199374
odweyne,9.41,45.06,69.76,61,8,21.03,SO,1595199834
kangaatsiaq,68.31,-53.46,50.88,62,79,11.43,GL,1595199834
thunder bay,48.4,-89.32,71.6,60,75,20.8,CA,1595199834
katsuura,35.13,140.3,78.01,94,75,1.12,JP,1595199398
eureka,40.8,-124.16,68.0,79,10,7.0,US,1595199799
suruc,36.98,38.42,82.4,42,0,10.29,TR,1595199834
mar del plata,-38.0,-57.56,52.0,100,90,13.87,AR,1595199369
marsh harbour,26.54,-77.06,83.55,77,4,15.08,BS,1595199603
lamar,33.67,-95.58,96.01,47,1,8.05,US,1595199407
bonnyville,54.27,-110.73,59.0,93,75,4.7,CA,1595199587
vila franca do campo,37.72,-25.43,69.8,68,75,6.93,PT,1595199398
poya,-21.35,165.15,72.07,59,14,6.62,NC,1595199835
honiara,-9.43,159.95,84.2,74,75,3.36,SB,1595199817
crestview,30.76,-86.57,90.0,62,1,4.7,US,1595199835
moorhead,46.87,-96.77,79.0,53,75,18.34,US,1595199835
panalingaan,8.78,117.42,80.24,78,97,3.2,PH,1595199835
imperial,33.03,-115.42,116.01,7,75,10.29,US,1595199835
savelugu,9.62,-0.83,77.52,80,100,5.12,GH,1595199835
rio gallegos,-51.62,-69.22,32.0,90,40,4.7,AR,1595199140
cabo san lucas,22.89,-109.91,96.01,33,20,21.92,MX,1595199100
clyde river,70.47,-68.59,46.4,75,90,9.17,CA,1595199379
guadalupe,25.68,-100.25,87.8,55,40,8.05,MX,1595199777
vao,-22.67,167.48,69.42,69,13,13.31,NC,1595199384
kysyl-syr,63.9,122.76,62.08,84,100,11.16,RU,1595199745
kieta,-6.22,155.63,83.71,67,0,4.88,PG,1595199387
sorland,67.67,12.69,55.11,85,68,12.24,NO,1595199404
akbarpur,26.42,82.55,79.36,94,100,5.93,IN,1595199835
cherskiy,68.75,161.3,71.44,43,0,5.91,RU,1595199374
ust-nera,64.57,143.2,60.73,63,100,4.45,RU,1595199835
pisco,-13.7,-76.22,64.4,77,20,18.34,PE,1595199317
chuy,-33.7,-53.46,66.99,83,96,7.45,UY,1595199395
nishihara,26.18,127.76,84.2,88,75,8.05,JP,1595199408
valparaiso,-33.04,-71.63,55.4,100,75,3.36,CL,1595199635
nanlong,31.35,106.06,73.83,80,99,3.44,CN,1595199836
pangnirtung,66.15,-65.71,59.34,52,100,1.61,CA,1595199383
cockburn town,21.46,-71.14,84.2,74,40,18.34,TC,1595199836
laguna,38.42,-121.42,93.0,29,1,14.99,US,1595199387
husavik,66.04,-17.34,48.2,76,40,10.29,IS,1595199373
west wendover,40.74,-114.07,96.8,11,1,9.17,US,1595199836
saurimo,-9.66,20.39,56.64,44,0,4.7,AO,1595199836
genhe,50.78,121.52,54.79,88,85,4.5,CN,1595199836
brentwood,40.78,-73.25,84.2,69,75,14.99,US,1595199691
kushima,31.46,131.23,78.8,94,20,2.24,JP,1595199386
port augusta,-32.5,137.77,48.2,76,90,4.7,AU,1595199121
clinton,42.59,-82.92,78.8,94,90,13.87,US,1595199668
hobyo,5.35,48.53,77.2,73,84,23.38,SO,1595199409
hami,42.8,93.45,84.27,19,76,9.08,CN,1595199396
ovca,44.88,20.53,64.4,82,40,2.24,RS,1595199836
gazanjyk,39.24,55.52,86.13,27,0,3.33,TM,1595199836
shakawe,-18.37,21.85,49.24,50,0,4.34,BW,1595199837
oranjemund,-28.55,16.43,62.58,35,0,4.88,NA,1595199837
chumikan,54.72,135.31,53.92,95,100,11.43,RU,1595199398
riverton,40.52,-111.94,93.99,20,1,12.75,US,1595199577
hyeres,43.12,6.12,73.0,73,0,2.24,FR,1595199837
tilichiki,60.47,166.1,52.84,92,100,7.78,RU,1595199396
manacapuru,-3.3,-60.62,87.8,52,20,10.29,BR,1595199837
kudahuvadhoo,2.67,72.89,82.58,79,100,21.63,MV,1595199399
bani walid,31.76,13.99,70.43,83,0,7.0,LY,1595199837
grindavik,63.84,-22.43,48.2,87,75,6.93,IS,1595199401
da nang,16.07,108.22,77.0,94,20,4.7,VN,1595199837
goderich,43.75,-81.72,79.0,83,90,15.82,CA,1595199391
port blair,11.67,92.75,80.71,78,99,2.84,IN,1595199382
faanui,-16.48,-151.75,77.34,83,71,20.67,PF,1595199386
los llanos de aridane,28.66,-17.92,79.0,78,0,14.99,ES,1595199372
almaznyy,48.04,40.05,71.6,56,20,6.71,RU,1595199837
icatu,-2.78,-44.07,80.6,78,20,10.29,BR,1595199837
rocha,-34.48,-54.33,65.19,92,95,4.72,UY,1595199310
sioux lookout,50.1,-91.92,53.6,93,90,13.87,CA,1595199396
sungaipenuh,-2.08,101.38,64.45,94,72,3.62,ID,1595199838
masakin,35.73,10.58,77.0,78,0,5.82,TN,1595199838
korla,41.76,86.15,75.99,89,100,1.99,CN,1595199838
altamont,42.21,-121.74,95.0,19,1,8.05,US,1595199813
luderitz,-26.65,15.16,71.6,26,0,11.41,NA,1595199838
lardos,36.09,28.02,75.99,88,0,9.17,GR,1595199132
ulety,51.36,112.48,51.22,65,99,10.85,RU,1595199838
santiago del estero,-27.8,-64.26,73.99,63,7,0.96,AR,1595199838
lodja,-3.48,23.43,71.37,46,93,1.57,CD,1595199838
mitu,1.2,-70.17,74.68,95,79,1.41,CO,1595199838
yulara,-25.24,130.99,53.6,71,90,10.29,AU,1595199403
burnie,-41.07,145.92,46.99,63,12,15.99,AU,1595199838
tiznit,29.58,-9.5,82.02,35,0,3.67,MA,1595199409
pontes e lacerda,-15.23,-59.34,79.83,43,1,3.36,BR,1595199677
coffs harbour,-30.3,153.13,57.99,76,0,1.12,AU,1595199838
kalengwa,-13.47,25.0,51.46,71,0,7.7,ZM,1595199839
rundu,-17.93,19.77,55.4,47,0,2.24,NA,1595199389
komsomolskiy,40.43,71.72,75.2,36,19,9.17,UZ,1595199383
manisa,38.83,28.17,73.99,43,0,8.01,TR,1595199839
yerbogachen,61.28,108.01,53.87,80,68,0.92,RU,1595199839
samarai,-10.62,150.67,76.14,86,100,15.05,PG,1595199839
myitkyina,25.38,97.4,74.08,97,100,0.98,MM,1595199839
kunzelsau,49.28,9.69,64.0,82,64,4.21,DE,1595199839
general pico,-35.66,-63.76,59.43,76,100,7.96,AR,1595199666
kirs,59.34,52.24,60.64,81,95,9.15,RU,1595199839
karpogory,64.0,44.45,55.08,78,0,3.76,RU,1595199839
atasu,48.68,71.64,68.63,51,39,10.49,KZ,1595199839
sur,22.57,59.53,85.75,75,63,12.73,OM,1595199396
jose de freitas,-4.76,-42.58,84.2,54,59,3.36,BR,1595199839
alta floresta,-9.88,-56.09,79.23,39,74,4.81,BR,1595199395
cullman,34.17,-86.84,86.0,58,1,1.01,US,1595199839
port pirie,-33.18,138.02,48.2,76,90,4.7,AU,1595199839
gizo,-8.1,156.84,82.02,74,12,4.94,SB,1595199840
novichikha,52.2,81.39,58.95,88,37,7.49,RU,1595199840
acapulco,16.86,-99.89,87.8,74,90,4.7,MX,1595199840
lesnoy,57.62,63.08,63.73,96,100,6.33,RU,1595199840
tamale,9.4,-0.84,78.28,75,100,7.38,GH,1595199840
krasnyy yar,46.53,48.35,75.2,64,40,2.24,RU,1595199840
ganzhou,28.82,115.43,73.13,93,100,5.08,CN,1595199840
saint-georges,12.06,-61.75,84.2,79,20,18.34,GD,1595199391
naranjos,21.35,-97.68,85.53,64,14,11.01,MX,1595199840
guerrero negro,27.98,-114.06,77.29,63,4,17.92,MX,1595199399
santa maria,-29.68,-53.81,71.49,72,64,9.48,BR,1595199118
paamiut,61.99,-49.67,47.71,79,93,2.91,GL,1595199840
esso,55.93,158.7,51.96,68,98,5.59,RU,1595199715
abu samrah,35.3,37.18,73.33,42,0,3.85,SY,1595199405
ranot,7.78,100.32,80.78,81,94,4.03,TH,1595199841
itarema,-2.92,-39.92,77.05,78,41,12.06,BR,1595199396
altay,47.87,88.12,63.7,51,38,1.95,CN,1595199841
saldanha,-33.01,17.94,48.2,87,0,3.36,ZA,1595199377
grand gaube,-20.01,57.66,66.0,77,45,5.01,MU,1595199841
cayenne,4.93,-52.33,80.6,83,85,4.7,GF,1595199397
huadian,42.96,126.75,65.79,95,100,3.76,CN,1595199841
ritchie,-29.04,24.6,44.6,26,0,5.82,ZA,1595199841
geilo,60.53,8.21,42.01,79,2,5.53,NO,1595199841
ceres,37.59,-120.96,98.01,30,1,11.41,US,1595199841
pemba,-12.97,40.52,73.4,78,20,11.41,MZ,1595199841
san patricio,19.22,-104.7,87.8,74,40,11.41,MX,1595199401
rio grande,-32.03,-52.1,71.01,77,94,8.46,BR,1595199371
pitimbu,-7.47,-34.81,75.2,94,75,8.05,BR,1595199377
grimshaw,56.18,-117.6,71.6,53,40,14.99,CA,1595199841
sahbuz,39.41,45.57,86.0,33,40,13.87,AZ,1595199841
marsassoum,12.83,-15.98,80.6,94,40,4.7,SN,1595199842
san juan de uraba,8.76,-76.53,82.24,83,27,7.11,CO,1595199610
dongning,44.06,131.12,61.79,91,100,10.27,CN,1595199842
loubomo,-4.2,12.67,68.07,87,31,5.14,CG,1595199842
pochutla,15.74,-96.47,89.6,62,75,11.41,MX,1595199413
tsabong,-26.02,22.4,49.03,49,0,4.54,BW,1595199842
opole lubelskie,51.15,21.97,64.0,10,100,4.45,PL,1595199569
baraboo,43.47,-89.74,81.0,42,1,8.05,US,1595199631
camacha,33.08,-16.33,69.8,77,20,9.17,PT,1595199842
skara,58.39,13.44,60.01,95,100,4.74,SE,1595199842
camana,-16.62,-72.71,59.99,77,91,7.38,PE,1595199842
airai,-8.93,125.41,57.42,55,19,2.71,TL,1595199394
iralaya,15.0,-83.23,87.8,70,40,11.41,HN,1595199842
tuatapere,-46.13,167.68,39.0,83,96,3.0,NZ,1595199387
el alto,-4.27,-81.21,61.56,86,9,19.33,PE,1595199842
belaya gora,68.53,146.42,75.13,40,53,16.73,RU,1595199120
san andres,12.58,-81.7,87.8,70,40,10.29,CO,1595199821
ordubad,38.91,46.02,86.0,33,40,13.87,AZ,1595199545
deputatskiy,69.3,139.9,59.83,65,100,2.93,RU,1595199379
nanchang,28.68,115.88,73.65,94,100,7.0,CN,1595199843
kiri buru,22.08,85.35,76.33,89,100,4.27,IN,1595199843
tautira,-17.73,-149.15,80.6,69,75,4.7,PF,1595199399
talnakh,69.49,88.4,48.2,81,94,15.66,RU,1595199381
khandyga,62.67,135.6,78.85,68,5,3.06,RU,1595199717
raleigh,35.77,-78.64,95.0,52,20,6.93,US,1595199594
jiaozuo,35.24,113.23,78.4,61,0,4.94,CN,1595199843
raudeberg,61.99,5.14,52.0,87,36,9.17,NO,1595199388
yeniseysk,58.45,92.17,55.69,97,100,6.06,RU,1595199843
tiarei,-17.53,-149.33,80.6,69,75,4.7,PF,1595199390
jurm,36.86,70.83,66.9,35,31,1.43,AF,1595199843
verkhnetulomskiy,68.61,31.8,57.2,87,3,4.83,RU,1595199843
katete,-0.78,29.75,61.09,69,29,2.66,UG,1595199843
touros,-5.2,-35.46,77.0,88,40,4.7,BR,1595199184
ahipara,-35.17,173.17,61.95,80,68,4.61,NZ,1595199844
agirish,61.92,63.02,50.9,82,0,7.78,RU,1595199844
half moon bay,37.46,-122.43,77.0,82,90,5.82,US,1595199389
sovetskaya gavan,48.97,140.29,63.84,83,92,4.52,RU,1595199844
tura,25.52,90.22,74.61,99,100,7.02,IN,1595199403
mamlyutka,54.94,68.54,69.73,73,7,3.0,KZ,1595199844
znamenskoye,57.13,73.83,63.43,95,35,3.76,RU,1595199844
arman,59.7,150.17,61.18,60,68,7.14,RU,1595199376
tamworth,52.63,-1.7,55.4,66,20,10.29,GB,1595199725
george,-33.96,22.46,46.4,93,0,4.7,ZA,1595199844
mandalgovi,45.76,106.27,58.59,44,93,5.41,MN,1595199394
saint-paul,-21.01,55.27,64.4,63,44,8.05,RE,1595199408
sarkand,45.41,79.92,72.03,32,91,8.08,KZ,1595199845
coquimbo,-29.95,-71.34,55.4,87,100,6.93,CL,1595199381
palmer,42.16,-72.33,93.2,38,75,11.41,US,1595199387
maniitsoq,65.42,-52.9,50.79,79,69,2.28,GL,1595199375
tortoli,39.93,9.66,73.4,78,20,9.17,IT,1595199845
kidal,18.44,1.41,89.64,35,45,5.3,ML,1595199845
ahome,25.92,-109.18,93.0,52,40,9.17,MX,1595199845
nanortalik,60.14,-45.24,48.94,75,3,7.18,GL,1595199393
tuy hoa,13.08,109.3,77.59,86,96,3.65,VN,1595199670
periyanayakkanpalaiyam,11.15,76.93,75.2,94,75,3.36,IN,1595199845
surt,31.21,16.59,76.59,77,0,10.38,LY,1595199845
goundam,16.41,-3.67,91.45,42,7,1.39,ML,1595199845
verkhoyansk,67.54,133.38,68.63,65,51,5.06,RU,1595199845
kirakira,-10.45,161.92,82.47,75,11,7.31,SB,1595199715
dakoro,14.51,6.76,88.88,42,51,10.69,NE,1595199845
koundara,12.48,-13.3,75.11,93,84,7.52,GN,1595199846
domoni,-12.26,44.53,74.46,71,8,16.58,KM,1595199846
ancud,-41.87,-73.82,50.0,100,20,6.93,CL,1595199376
sitka,57.05,-135.33,55.4,100,90,8.05,US,1595199365
lavrentiya,65.58,-171.0,50.4,62,66,10.0,RU,1595199395
mayo,38.89,-76.51,93.2,59,1,10.29,US,1595199378
constitucion,-35.33,-72.42,53.38,88,78,7.74,CL,1595199379
kolarovo,47.92,17.98,60.8,100,15,1.12,SK,1595199846
byron bay,-28.65,153.62,62.01,100,0,8.19,AU,1595199809
diapaga,12.07,1.79,76.64,77,14,4.36,BF,1595199846
lompoc,34.64,-120.46,71.01,64,6,16.11,US,1595199387
sharlyk,52.92,54.75,62.15,89,0,6.85,RU,1595199846
abomsa,9.98,39.98,71.78,58,32,3.49,ET,1595199846
churapcha,62.0,132.43,76.41,67,50,7.83,RU,1595199846
moro,26.66,68.0,87.8,70,0,13.87,PK,1595199846
namatanai,-3.67,152.43,83.93,64,2,6.76,PG,1595199846
kjollefjord,70.95,27.35,51.69,86,100,3.83,NO,1595199846
assiniboia,49.63,-105.98,72.19,46,81,10.49,CA,1595199846
lgov,51.63,35.28,57.06,83,26,2.51,RU,1595199846
sao raimundo nonato,-9.02,-42.7,72.57,38,0,4.7,BR,1595199847
kawalu,-7.38,108.21,71.85,91,89,0.94,ID,1595199847
kokstad,-30.55,29.42,44.24,50,0,4.65,ZA,1595199847
zyryanka,65.75,150.85,73.53,43,12,15.57,RU,1595199847
chervone,49.96,28.86,60.17,86,55,5.1,UA,1595199847
hadejia,12.45,10.04,82.99,57,0,11.34,NG,1595199847
maunabo,18.01,-65.9,82.99,89,23,1.99,PR,1595199847
jijiga,9.35,42.8,60.44,79,44,21.5,ET,1595199390
kiama,-34.68,150.87,53.01,59,0,11.99,AU,1595199391
istok,42.78,20.49,60.8,77,75,3.36,XK,1595199634
pevek,69.7,170.31,46.87,58,0,5.14,RU,1595199384
aksarayskiy,46.79,48.01,75.2,64,40,2.24,RU,1595199847
sao gabriel da cachoeira,-0.13,-67.09,75.42,95,85,1.79,BR,1595199847
wanxian,30.8,108.39,76.55,81,100,2.48,CN,1595199847
hualmay,-11.1,-77.61,61.7,80,40,10.31,PE,1595199398
vulcanesti,45.68,28.4,66.24,62,0,2.8,MD,1595199847
roma,43.21,-75.46,87.8,58,1,6.93,US,1595199381
tanout,14.97,8.89,90.95,32,25,8.05,NE,1595199847
torbay,47.67,-52.73,71.6,49,20,11.41,CA,1595199378
roald,62.58,6.13,53.6,87,10,8.05,NO,1595199131
verkhnyaya inta,65.98,60.31,50.09,89,0,7.49,RU,1595199848
gobabis,-22.45,18.97,48.2,36,0,3.36,NA,1595199848
liseleje,56.01,11.95,66.0,100,82,14.25,DK,1595199848
sao filipe,14.9,-24.5,77.27,82,86,7.72,CV,1595199367
eenhana,-17.47,16.33,57.2,44,0,4.7,NA,1595199848
santa rosa,14.31,121.11,82.0,83,96,5.82,PH,1595199392
corinto,37.94,22.96,77.0,58,0,1.01,GR,1595199848
ewa beach,21.32,-158.01,89.6,49,40,10.29,US,1595199848
la ronge,55.1,-105.28,68.0,68,75,9.17,CA,1595199383
motril,36.75,-3.52,75.99,87,3,1.57,ES,1595199848
koumac,-20.57,164.28,71.69,63,12,7.18,NC,1595199412
erzin,36.96,36.2,79.0,82,0,1.54,TR,1595199848
alofi,-19.06,-169.92,78.8,74,100,12.75,NU,1595199381
zaraza,9.35,-65.32,77.88,88,80,3.76,VE,1595199848
antsohihy,-14.88,47.99,69.98,58,5,13.73,MG,1595199848
sirpur,19.48,79.6,80.33,84,100,3.11,IN,1595199849
dabakala,8.37,-4.43,73.9,81,2,4.0,CI,1595199849
kloulklubed,7.04,134.26,77.0,94,75,8.05,PW,1595199740
north ogden,41.31,-111.96,93.99,9,1,6.93,US,1595199849
asmara,15.33,38.93,61.07,88,100,8.75,ER,1595199849
bayir,37.27,28.22,68.0,82,0,2.42,TR,1595199849
heinola,61.21,26.04,66.2,77,100,2.24,FI,1595199849
hobbs,32.7,-103.14,95.0,21,5,9.17,US,1595199849
wanaka,-44.7,169.15,37.0,90,100,2.46,NZ,1595199294
bamiantong,44.93,130.53,62.08,91,100,6.29,CN,1595199849
turayf,31.67,38.66,87.8,19,0,13.87,SA,1595199849
andenes,69.31,16.12,51.8,87,83,2.98,NO,1595199849
bojnurd,37.47,57.33,69.8,46,0,4.7,IR,1595199849
chapais,49.78,-74.85,75.2,78,90,6.93,CA,1595199396
kovdor,67.57,30.48,58.73,82,43,5.86,RU,1595199849
kamina,-8.74,24.99,55.42,46,0,3.85,CD,1595199388
mehamn,71.04,27.85,52.5,84,100,6.35,NO,1595199379
tadine,-21.55,167.88,71.91,66,9,12.75,NC,1595199398
kavaratti,10.57,72.64,81.37,80,100,14.61,IN,1595199376
murgab,37.5,61.97,82.4,24,0,6.93,TM,1595199850
tatawin,32.93,10.45,77.0,65,0,5.82,TN,1595199850
iisalmi,63.56,27.19,62.6,88,34,2.24,FI,1595199850
amazar,53.86,120.88,60.51,92,100,3.47,RU,1595199850
tateyama,34.98,139.87,75.2,94,75,1.12,JP,1595199850
ponta do sol,32.67,-17.1,71.6,64,20,6.93,PT,1595199384
spiridonovka,53.09,50.65,62.6,82,0,6.71,RU,1595199850
sinnamary,5.38,-52.95,79.11,82,84,9.13,GF,1595199665
plettenberg bay,-34.05,23.37,57.56,63,0,3.27,ZA,1595199850
sampit,-2.53,112.95,73.76,97,23,1.88,ID,1595199850
saint-pierre,-21.34,55.48,62.6,72,40,4.7,RE,1595199850
taoudenni,22.68,-3.98,101.97,15,46,5.61,ML,1595199352
gazli,40.13,63.45,83.32,18,0,6.87,UZ,1595199753
matara,5.95,80.54,77.97,88,90,8.23,LK,1595199851
mirabad,30.44,61.84,84.76,14,0,17.43,AF,1595199851
walvis bay,-22.96,14.51,73.99,16,0,14.99,NA,1595199380
ouadda,8.08,22.4,65.71,97,100,3.74,CF,1595199851
innisfail,-17.53,146.03,68.2,74,29,3.36,AU,1595199851
lakes entrance,-37.88,147.98,51.01,70,60,1.01,AU,1595199386
gamba,-2.65,10.0,72.77,82,76,5.35,GA,1595199379
solano,38.23,-121.95,93.2,37,1,28.86,US,1595199851
galesong,-5.32,119.37,69.8,100,20,1.12,ID,1595199851
north bend,43.41,-124.22,75.99,77,1,26.4,US,1595199851
phitsanulok,16.92,100.5,75.16,92,100,2.33,TH,1595199694
jinji,23.23,110.83,79.56,86,98,2.62,CN,1595199851
jati,24.35,68.27,85.71,75,96,19.48,PK,1595199851
jalu,29.03,21.55,79.99,46,36,10.74,LY,1595199405
ampanihy,-24.7,44.75,59.0,86,0,9.13,MG,1595199851
dasoguz,41.84,59.97,77.0,44,9,4.7,TM,1595199852
gorele,41.03,39.0,78.8,83,40,3.36,TR,1595199852
jabinyanah,35.03,10.91,78.8,69,0,5.82,TN,1595199852
dunedin,-45.87,170.5,50.0,69,67,5.01,NZ,1595199160
leshukonskoye,64.9,45.76,52.97,74,0,2.95,RU,1595199852
ucluelet,48.93,-125.55,73.99,88,20,5.82,CA,1595199852
vardo,70.37,31.11,57.2,100,75,2.24,NO,1595199383
iskateley,67.68,53.15,53.15,79,32,7.36,RU,1595199745
mumford,5.26,-0.76,74.48,93,4,8.03,GH,1595199852
havre-saint-pierre,50.23,-63.6,69.8,77,1,9.17,CA,1595199852
linhares,-19.39,-40.07,67.08,93,31,3.2,BR,1595199678
omboue,-1.57,9.26,73.56,81,100,7.11,GA,1595199852
vaijapur,19.92,74.73,75.67,86,100,13.67,IN,1595199853
leh,34.17,77.58,54.03,52,78,5.23,IN,1595199853
richards bay,-28.78,32.04,58.35,85,0,4.61,ZA,1595199853
storozhevaya,43.88,41.45,64.83,72,0,4.56,RU,1595199853
burns lake,54.23,-125.75,71.85,39,55,7.38,CA,1595199570
labuhan,-6.88,112.21,75.61,85,8,9.13,ID,1595199407
cabedelo,-6.98,-34.83,75.2,94,75,8.05,BR,1595199854
rudnichnyy,59.62,52.47,59.94,81,68,8.88,RU,1595199854
yeppoon,-23.13,150.73,57.2,82,0,4.61,AU,1595199854
college,64.86,-147.8,70.0,56,75,3.36,US,1595199394
muyezerskiy,63.93,31.65,61.02,75,5,1.9,RU,1595199854
bowen,-20.02,148.23,70.0,93,90,6.33,AU,1595199854
sayaxche,16.52,-90.17,88.47,61,33,3.94,GT,1595199634
mao,39.89,4.27,71.6,83,0,3.36,ES,1595199854
dicabisagan,17.08,122.42,81.14,80,8,1.74,PH,1595199854
biak,-0.91,122.88,77.36,81,66,7.56,ID,1595199393
bamnet narong,15.5,101.69,78.35,84,100,6.93,TH,1595199854
santo antonio do ica,-3.1,-67.94,75.61,94,76,2.21,BR,1595199854
dingle,11.0,122.67,79.0,85,63,3.65,PH,1595199854
maceio,-9.67,-35.74,71.6,100,90,6.93,BR,1595199563
jalingo,8.88,11.37,74.46,90,55,4.85,NG,1595199854
ust-tarka,55.57,75.7,66.85,93,94,5.41,RU,1595199854
bilma,18.69,12.92,95.56,15,33,9.48,NE,1595199413
uvarovo,51.98,42.26,57.42,92,0,4.74,RU,1595199854
bonavista,48.65,-53.11,60.31,76,66,0.58,CA,1595199855
peleduy,59.63,112.74,55.22,85,100,1.54,RU,1595199855
road town,18.42,-64.62,86.0,66,20,12.75,VG,1595199225
paita,-5.09,-81.11,63.28,81,5,17.18,PE,1595199855
shingu,33.73,135.98,80.74,75,96,1.61,JP,1595199399
sambava,-14.27,50.17,69.39,78,35,16.8,MG,1595199410
boysun,38.21,67.2,75.0,20,0,5.08,UZ,1595199855
atar,20.52,-13.05,98.26,22,73,9.84,MR,1595199405
wasilla,61.58,-149.44,68.0,59,75,3.36,US,1595199855
tocopilla,-22.09,-70.2,59.94,67,95,8.14,CL,1595199855
port lincoln,-34.73,135.87,52.14,70,55,5.79,AU,1595199401
isangel,-19.55,169.27,75.2,73,40,4.7,VU,1595199375
madaoua,14.07,5.96,87.53,46,40,10.49,NE,1595199855
fukue,32.69,128.84,79.05,92,99,15.1,JP,1595199855
nieuw amsterdam,5.88,-55.08,80.6,83,20,10.18,SR,1595199855
nuevo progreso,23.17,-97.95,88.0,55,0,8.01,MX,1595199856
karoi,-16.81,29.69,49.86,83,0,6.62,ZW,1595199856
son la,21.32,103.9,70.38,93,100,1.19,VN,1595199646
teguldet,57.31,88.17,57.38,91,83,5.17,RU,1595199856
teeli,51.03,90.23,59.18,75,5,0.58,RU,1595199856
balkanabat,39.51,54.37,89.96,21,0,6.26,TM,1595199395
nha trang,12.25,109.18,80.6,74,20,1.12,VN,1595199856
vostok,46.49,135.88,70.07,71,100,2.55,RU,1595199377
kuchinarai,16.54,104.05,82.0,100,40,1.12,TH,1595199856
shieli,44.17,66.75,81.03,26,5,9.44,KZ,1595199856
creve coeur,38.66,-90.42,95.0,63,75,11.41,US,1595199856
okha,53.57,142.95,56.07,87,97,11.21,RU,1595199387
chino valley,34.76,-112.45,97.0,14,1,18.34,US,1595199856
chulman,56.85,124.91,61.14,90,100,5.73,RU,1595199857
praia,14.92,-23.51,78.8,78,75,12.75,CV,1595199785
piet retief,-27.01,30.81,40.19,62,0,3.83,ZA,1595199857
moose factory,51.26,-80.61,64.4,93,90,9.17,CA,1595199857
bosansko grahovo,44.18,16.36,66.0,80,0,3.49,BA,1595199857
hrymayliv,49.33,26.01,66.0,69,95,2.91,UA,1595199857
saint-augustin,51.23,-58.65,71.17,61,55,11.05,CA,1595199857
